id,name,code
4,CN,ChiChi,
4,CN,ChiChi,5,DE,GerGer,
4,CN,ChiChi,5,DE,GerGer,6,FR,FraFra,
4,CN,ChiChi,5,DE,GerGer,6,FR,FraFra,7,GB,UniUni,
4,CN,ChiChi,5,DE,GerGer,6,FR,FraFra,7,GB,UniUni,8,IN,IndInd,
4,CN,ChiChi,5,DE,GerGer,6,FR,FraFra,7,GB,UniUni,8,IN,IndInd,9,RU,RusRus,
4,CN,ChiChi,5,DE,GerGer,6,FR,FraFra,7,GB,UniUni,8,IN,IndInd,9,RU,RusRus,10,US,AmrAmr,
4,CN,ChiChi,5,DE,GerGer,6,FR,FraFra,7,GB,UniUni,8,IN,IndInd,9,RU,RusRus,10,US,AmrAmr,11,test,testes,
4,CN,ChiChi,5,DE,GerGer,6,FR,FraFra,7,GB,UniUni,8,IN,IndInd,9,RU,RusRus,10,US,AmrAmr,11,test,testes,12,ccbb,cccccc,
4,CN,ChiChi,5,DE,GerGer,6,FR,FraFra,7,GB,UniUni,8,IN,IndInd,9,RU,RusRus,10,US,AmrAmr,11,test,testes,12,ccbb,cccccc,13,事情DVD参数,asdasd,
